{
    "results": [
        {
            "actual": 1.20000004768372,
            "epsilon": 0.100000001490116,
            "expected": 1.10000002384186,
            "name": "I passed",
            "success": true
        },
        {
            "actual": 4.01000022888184,
            "epsilon": 0.100000001490116,
            "expected": 3,
            "name": "I failed",
            "success": false
        }
    ],
    "timestamp": null
}
{
    "results": [
        {
            "actual": 1.20000004768372,
            "epsilon": 0.100000001490116,
            "expected": 1.10000002384186,
            "name": "I passed",
            "success": true
        },
        {
            "actual": 4.01000022888184,
            "epsilon": 0.100000001490116,
            "expected": 3,
            "name": "I failed",
            "success": false
        }
    ],
    "timestamp": null
}
{
    "results": [
        {
            "actual": 1.20000004768372,
            "epsilon": 0.100000001490116,
            "expected": 1.10000002384186,
            "name": "I passed",
            "success": true
        },
        {
            "actual": 4.01000022888184,
            "epsilon": 0.100000001490116,
            "expected": 3,
            "name": "I failed",
            "success": false
        }
    ],
    "timestamp": null
}
